title,created,plays
Kyle Bickoff Digital Dialogue: Digital Containerization A History of Information Storage Containers for Programmable Media,2019-04-19T18:56:54+00:00,12,https://vimeo.com/videos/331467926
Christina Boyles Digital Dialogue: Decolonizing Disaster (Capitalism) in Post-hurricane Puerto Rico,2019-04-19T17:44:47+00:00,10,https://vimeo.com/videos/331456317
Daniel Stokl Ben Ezra Digital Dialogue: Computational Transcription of Medieval Hebrew Manuscripts,2019-04-10T16:58:41+00:00,1,https://vimeo.com/videos/329628299
"Andrew Ferguson Digital Dialogue - Videogames, Glitches, and the Narrative of Malfunction",2019-03-26T21:03:57+00:00,8,https://vimeo.com/videos/326671688
Howard Rambsy II Digital Dialogue - In a Dataset of Their Own: Comparisons of black artists and black artists,2019-03-26T19:30:34+00:00,5,https://vimeo.com/videos/326652307
"Marya McQuirter Digital Dialogue - 1968 Archives are Loud AF: Using DH to Transform Narratives About 1968 & ""The Archive""",2019-03-26T15:33:39+00:00,9,https://vimeo.com/videos/326597901
Hugh Cayless Digital Dialogue: The Devil in the Details DH for Small Data and Close Reading,2019-03-25T21:57:13+00:00,6,https://vimeo.com/videos/326443223
Alex Gil Digital Dialogue,2018-11-06T22:15:53+00:00,23,https://vimeo.com/videos/299323708
Christy Hyman Digital Dialogue,2018-10-30T22:43:11+00:00,36,https://vimeo.com/videos/298057182
Sarah Bowen Savant Digital Dialogue,2018-10-30T15:52:04+00:00,18,https://vimeo.com/videos/297970789
Aleia Brown Digital Dialogue: Ctrl Alt Delete Rebooting Narratives through Digital Humanities,2018-10-09T19:57:42+00:00,43,https://vimeo.com/videos/294225633
James J. Brown Jr. Digital Dialogue: Histories of Hateware,2018-10-02T20:28:52+00:00,31,https://vimeo.com/videos/293017555
Lorena Gauthereau Digital Dialogue: Elaborating a (Digital) Methodology of the Oppressed in US Latina/o Digital Humanities,2018-09-26T19:19:32+00:00,49,https://vimeo.com/videos/291987218
EcoDH Digital Dialogue: Intersections of Environmental and Digital Humanities,2018-09-19T20:08:29+00:00,52,https://vimeo.com/videos/290768193
"AADHum Incubator January 2018 (Movement + the Body): Audiovisual Storytelling 101, Adobe Premiere Tutorial",2018-05-10T19:48:10+00:00,9,https://vimeo.com/videos/269058163
"Chris Mustazza Digital Dialogue : Dialectical Materialities: PennSound, Early Poetry Recordings, and Disc-to-Disk Translations",2018-04-03T19:36:04+00:00,20,https://vimeo.com/videos/263041805
"Kaiama Glover | If We Build It, They Will Come: Mapping an Intellectual History of the 20th Century Afro-Atlantic",2018-03-28T19:21:23+00:00,69,https://vimeo.com/videos/262268334
Laurie Allen Digital Dialogue : Monument Lab - Cultural Memory and Artistic Imagination as Open Civic Data,2018-03-13T19:30:18+00:00,26,https://vimeo.com/videos/259930629
"Alison Langmead Digital Dialogue : Art and Architectural History and the Performative, Mindful Practice of the Digital Humanitie",2018-03-08T21:27:40+00:00,32,https://vimeo.com/videos/259237410
Emad Khazraee Digital Dialogue : Persian Twitter: A Transforming Social Media Landscape,2018-03-06T21:47:55+00:00,30,https://vimeo.com/videos/258877390
Jarrett Drake Digital Dialogue: Repositories of Failure: Creating Abolitionist Archives to Project Past the Punishment Paradigm,2018-02-15T21:30:17+00:00,54,https://vimeo.com/videos/255978255
AADHum Incubator January 2018 (Movement + the Body): Audiovisual Storytelling 101,2018-02-05T20:29:07+00:00,34,https://vimeo.com/videos/254377275
Pamela Boardley Oral History 20070620,2018-01-11T03:38:49+00:00,6,https://vimeo.com/videos/250557034
Violetta Jones Pamela Sharps Oral History,2018-01-10T03:11:14+00:00,9,https://vimeo.com/videos/250384858
Jeanette Brooks Oral History,2018-01-10T03:10:30+00:00,73,https://vimeo.com/videos/250384773
Julia Pitts Oral History,2018-01-10T03:09:59+00:00,15,https://vimeo.com/videos/250384715
Using the Digital to Engage Archival Radio Collections: Part I (Panel Discussion),2017-11-14T19:08:01+00:00,37,https://vimeo.com/videos/242802386
Using the Digital to Engage Archival Radio Collections: Part II (Wikidata Workshop),2017-11-14T15:43:42+00:00,42,https://vimeo.com/videos/242765979
"Walter Forsberg Digital Dialogue: 'Yes, We Scan: Building Media Conservation and Digitization at NMAAHC'",2017-11-08T23:51:53+00:00,57,https://vimeo.com/videos/241974165
Alexandrina Agloro Digital Dialogue: 'Liberation by Design: Interactive Media & Community-Engaged Making',2017-10-31T22:39:13+00:00,27,https://vimeo.com/videos/240751941
Elisa Beshero-Bondar Digital Dialogue: The Bicentennial Frankenstein Project: Stitching the Seams of Textual Bodies,2017-10-24T21:47:46+00:00,26,https://vimeo.com/videos/239723602
Sarah Florini Digital Dialogue: 'Oscillating Networked Publics: Contingent Uses of Black Digital Networks',2017-10-10T19:37:43+00:00,19,https://vimeo.com/videos/237632419
Nicole Cooke Digital Dialogue: 'Unearthing the Segregated History of Library and Information Science',2017-10-03T19:21:54+00:00,159,https://vimeo.com/videos/236638031
Kevin Hamilton Digital Dialogue: 'Unfixed Research: On Letting Others Lead in Arts-Integrative Work',2017-09-26T22:26:12+00:00,49,https://vimeo.com/videos/235647565
"Josh Shepperd Digital Dialogue: 'Public Media's Origin as a Strategically Networked Archive, 1949-1953'",2017-04-13T20:46:43+00:00,53,https://vimeo.com/videos/213144856
"Ryan Long Vambery Lecture: 'Hannes Meyer in Europe and Mexico: Building, a Poetics of Displacement’",2017-04-05T18:46:15+00:00,61,https://vimeo.com/videos/211724175
Joanna Swafford Digital Dialogue: 'Sounding Poetry with Digital Tools',2017-04-05T17:10:44+00:00,31,https://vimeo.com/videos/211709866
"Avery Dame Digital Dialogue: 'Spotlighting Hidden Histories: Archiving Transgender Usenet, 1994-2013'",2017-04-05T15:34:15+00:00,28,https://vimeo.com/videos/211693455
This is ACORN,2017-03-13T20:32:27+00:00,7,https://vimeo.com/videos/208204551
"André Brock Digital Dialogue: 'The Price of the Ticket: Racism, Black Digital Practice, and Racism Battle Fatigue'",2017-02-28T21:44:19+00:00,107,https://vimeo.com/videos/206140581
Columba Stewart Digital Dialogue: 'Giving Voice to Ancient Texts: Digital Preservation and Access for Endangered Manuscripts',2017-02-22T18:31:59+00:00,79,https://vimeo.com/videos/205259622
"Kishonna Gray Digital Dialogue: 'Buffoons, Goons, and Pixelated Minstrels: The Digital Story That Games Tell'",2017-02-16T17:47:01+00:00,35,https://vimeo.com/videos/204398478
"Paul Jaskot: 'Digital Art History: Old Problems, New Debates, and Critical Potentials'",2017-02-01T17:09:28+00:00,34,https://vimeo.com/videos/202064194
"Dana Williams & Kenton Rambsy Digital Dialogue: ""Looking for the Perfect Beat:"" African American Literary History--Technology an",2016-11-15T20:50:55+00:00,45,https://vimeo.com/videos/191700911
"Sarah Patterson & Jim Casey Digital Dialogue: ' To Organize, Organize, ORGANIZE: the Colored Conventions, Then and Now'",2016-11-08T21:07:54+00:00,39,https://vimeo.com/videos/190779624
Alberto Campagnolo Digital Dialogue: 'Conservation and Digitization: A Technologizing of the Book as an Object',2016-11-02T19:13:34+00:00,77,https://vimeo.com/videos/189986974
Ravon Ruffin Digital Dialogue: 'Digital Archives: Radical Acts of Self-Preservation',2016-10-25T20:18:01+00:00,131,https://vimeo.com/videos/188888033
SPLC Blocklist,2016-10-19T17:21:46+00:00,38,https://vimeo.com/videos/188019188
Gregory Zinman Digital Dialogue: 'Nam June Paik’s Etude and the Indeterminate Origins of Digital Media Art',2016-10-18T20:27:29+00:00,50,https://vimeo.com/videos/187886680
Catherine Knight Steele Digital Dialogue: 'Deviant Black Bodies and Embodied Black Feminism in the Blogosphere',2016-10-12T14:57:55+00:00,165,https://vimeo.com/videos/187025005
Purdom Lindblad Digital Dialogue: 'Finding Aids for the Unread: Design for the Visualization of Reading',2016-10-04T21:48:17+00:00,32,https://vimeo.com/videos/185560382
Jimmy Lin Digital Dialogue: 'The Digital Docket: Information Retrieval Meets Political Science',2016-08-15T20:47:36+00:00,24,https://vimeo.com/videos/178957682
"Stuart Moulthrop Digital Dialogue: 'Playing with Worlds: Narrative, Fiction, and the Cultural Reception of Videogames'",2016-08-15T20:47:28+00:00,23,https://vimeo.com/videos/178957666
Vika Zafrin Digital Dialogues: 'The Virtual Humanities Lab and the Evolution of Remote Collaboration',2016-08-15T20:47:27+00:00,18,https://vimeo.com/videos/178957665
Chuck Henry Digital Dialogue: 'Rice University Press: Non Fac Simile',2016-08-15T20:47:23+00:00,9,https://vimeo.com/videos/178957650
Linda Frueh Digital Dialogue: 'The Internet Archive and the Digital Humanities',2016-08-15T20:47:00+00:00,51,https://vimeo.com/videos/178957605
"Martha Nell Smith: 'Agora.Techno.Phobia.Philia: Gender (and other messy matters), Knowledge Building, and Digital Media'",2016-08-15T20:46:50+00:00,14,https://vimeo.com/videos/178957573
Paul E Ceruzzi Digital Dialogues: 'From ARPANET to the Internet: How a Military Project Became a World-Wide Cultural Phenomenon',2016-08-15T20:46:46+00:00,77,https://vimeo.com/videos/178957564
David Saltz Digital Dialogue: 'Simulating Liveness: From Virtual Vaudeville to Second Life',2016-08-15T20:46:46+00:00,36,https://vimeo.com/videos/178957563
John Tolva Digital Dialogue: 'Architecting Cultural Spaces: Case Studies of Virtual Representation in the Humanities',2016-08-15T20:46:27+00:00,6,https://vimeo.com/videos/178957522
"Tanya Clement Digital Dialogue: ""Using Digital Tools to Not-Read Gertrude Stein’s 'The Making of Americans'""",2016-08-15T20:46:05+00:00,44,https://vimeo.com/videos/178957481
Kate Murray Digital Dialogue: 'Developing Digital Curation Policies in a Local Context',2016-08-15T20:45:51+00:00,5,https://vimeo.com/videos/178957454
Byron Hawk Digital Dialogue: 'Identifying Web 2.0: Remixing Institutional Identities',2016-08-15T20:45:43+00:00,3,https://vimeo.com/videos/178957442
Dan Cohen Digital Dialogue: 'Zotero and the Promise of Social Computing in Academia',2016-08-15T20:45:36+00:00,6,https://vimeo.com/videos/178957425
Janel Brennan-Tillmann & Catherine Hays Zabriskie: 'Applying Web 2.0 Tools to Instruction: Collaborative Website Development',2016-08-15T20:45:34+00:00,10,https://vimeo.com/videos/178957419
Jason Nelson Digital Dialogue: 'Traveling Digital Magicke Show',2016-08-15T20:45:26+00:00,8,https://vimeo.com/videos/178957399
Zach Whalen Digital Dialogue: 'The Videogame Text',2016-08-15T20:45:16+00:00,16,https://vimeo.com/videos/178957373
Brent Seales Digital Dialogue: 'EDUCE:  Enhanced Digital Unwrapping for Conservation and Exploration',2016-08-15T20:45:13+00:00,32,https://vimeo.com/videos/178957365
Tom Scheinfeldt & Dave Lester Digital Dialogue: 'Omeka: Easy Web Publishing for Scholarship and Cultural Heritage',2016-08-15T20:45:09+00:00,6,https://vimeo.com/videos/178957360
Stanley Katz Digital Dialogue: 'Digital Humanities 3.0: Where We Have Come From and Where We Are Now?',2016-08-15T20:45:05+00:00,31,https://vimeo.com/videos/178957352
Doug Reside Digital Dialogue: 'The MITHological AXE: Multimedia Metadata Encoding with the Ajax XML Encoder',2016-08-15T20:45:01+00:00,3,https://vimeo.com/videos/178957345
Jonathan Auerbach Digital Dialogue: 'Early Cinema as New Media',2016-08-15T20:39:47+00:00,28,https://vimeo.com/videos/178956683
Kari Kraus Digital Dialogue: 'Rezzing Books: Codex Technology in the Metaverse',2016-08-15T20:39:41+00:00,14,https://vimeo.com/videos/178956661
Bernard Frischer Digital Dialogue: 'Making Culture Virtual: Recent 3D Modeling Projects at the Institute for Advanced Technology,2016-08-08T21:12:31+00:00,12,https://vimeo.com/videos/178085497
Georgina Goodlander Digital Dialogue: 'Ghosts of a Chance: A Museum-Based Alternate Reality Game',2016-08-08T21:09:57+00:00,95,https://vimeo.com/videos/178085097
"Jennifer Fleeger Digital Dialogue: 'Archiving America: The Vitaphone, the DVD, and Warner Bros. (re)Store Jazz History'",2016-08-08T21:09:32+00:00,28,https://vimeo.com/videos/178085037
Greg Crane Digital Dialogue: 'From the First Year Through Tenure: New Pathways for Humanities in a Digital Age',2016-08-08T21:09:24+00:00,6,https://vimeo.com/videos/178085027
"Ben Bederson, Nick Chen, & Matt Kirschenbaum Digital Dialogue: 'The Great Ebook Throwdown'",2016-08-08T21:09:18+00:00,6,https://vimeo.com/videos/178085017
"Mark Sample Digital Dialogue: 'The Open Source Professor: Teaching, Research, and Transparency'",2016-08-08T21:09:11+00:00,11,https://vimeo.com/videos/178084991
Doug Reside Digital Dialogue: 'If/Then 101: Teaching Programming at Maryland',2016-08-08T21:09:06+00:00,9,https://vimeo.com/videos/178084981
Sayeed Choudhury Digital Dialogue: 'An Abundant Humanities Library',2016-08-08T21:09:01+00:00,9,https://vimeo.com/videos/178084967
"Brad Pasenak Digital Dialogue: 'A Dictionary, A Database, A Desultory Reader: Metaphors for the Mind in 18th-Century Literature'",2016-08-08T21:08:56+00:00,21,https://vimeo.com/videos/178084950
Bryan Carter & Zita Nunes Digital Dialogue: 'The Harlem Renaissance in Second Life',2016-08-08T21:08:52+00:00,55,https://vimeo.com/videos/178084943
Rachel Donahue Digital Dialogue: 'A Glance at the Current State of Video Game Preservation',2016-08-08T21:08:49+00:00,22,https://vimeo.com/videos/178084938
Despina Kakoudaki Digital Dialogue: 'Are Robots Real? The Robot as an Object of Study',2016-08-08T21:07:19+00:00,35,https://vimeo.com/videos/178084708
Frank Hildy Digital Dialogue: 'Developing the theatre-finder.org Project',2016-08-08T19:02:22+00:00,3,https://vimeo.com/videos/178065370
Tara Rodgers Digital Dialogue: 'Representing Lively Bodies in Sound: Legacies of Analog Signification in Digital Audio',2016-08-08T19:02:22+00:00,14,https://vimeo.com/videos/178065369
"Jason Scott Digital Dialogue: 'Jason Scott and ""Get Lamp""'",2016-08-08T19:00:41+00:00,28,https://vimeo.com/videos/178065096
Matthew K. Gold Digital Dialogue: 'Beyond Friending: @cunycommons and the Emergence of the Social University',2016-08-08T19:00:15+00:00,5,https://vimeo.com/videos/178065027
Hasan Elahi Digital Dialogue: 'Tracking Transience: The Orwell Project',2016-08-08T19:00:07+00:00,267,https://vimeo.com/videos/178064996
Wayne Graham & Joe Gilbert Digital Dialogue: 'A Humanist’s Introduction to Programming (with Ruby)',2016-08-08T19:00:03+00:00,13,https://vimeo.com/videos/178064977
Jason Farman Digital Dialogue: 'Mapping the Mobile Interface: Geolocation Meets Visualization',2016-08-08T18:59:59+00:00,23,https://vimeo.com/videos/178064968
Nick Chen & Kari Kraus Digital Dialogue: 'Prototyping a Dual-Display e-Reader in the Literature Classroom',2016-08-08T18:59:50+00:00,4,https://vimeo.com/videos/178064945
Beth Bonsignore Digital Dialogue: 'The Design and Use of StoryKit: An Intergenerational Mobile Storytelling App',2016-08-08T18:59:44+00:00,26,https://vimeo.com/videos/178064936
Dave Lester Digital Dialogue: 'Collaborative Approaches to Digital Humanities: Unconferences and Crowdsourcing',2016-08-08T18:59:42+00:00,7,https://vimeo.com/videos/178064929
Siva Vaidhynathan Digital Dialogue: 'The Googlization of Surveillance',2016-08-08T18:59:30+00:00,9,https://vimeo.com/videos/178064890
"Seth Denbo and Neil Fraistat Digital Dialogue: 'Diggable Data, Scalable Reading, and New Humanities Scholarship""",2016-08-08T18:59:18+00:00,16,https://vimeo.com/videos/178064833
James Smith Digital Dialogue: Player Piano: Mechanizing the Humanities,2016-08-08T18:59:05+00:00,2,https://vimeo.com/videos/178064798
David Mimno Digital Dialogue: Computational Historiography in a Century of Classics Journals,2016-08-08T18:40:34+00:00,13,https://vimeo.com/videos/178061429
"Travis Brown Digital Dialogue: 'Teaching Machines to Read Milton: Natural Language Processing Challenges for Literary...""",2016-07-21T17:46:04+00:00,9,https://vimeo.com/videos/175727642
"Thomas Gideon Digital Dialogue: 'The International Amateur Scanning League, Unlocking the Federal Archives One Work at a Time'",2016-07-21T17:44:12+00:00,4,https://vimeo.com/videos/175727363
Mary Flanagan Digital Dialogue: 'Playworlds: Rule Systems & Relational Art',2016-07-21T17:42:18+00:00,7,https://vimeo.com/videos/175727157
Tim Carmody Digital Dialogue: 'Stop Being Polite and Start Getting Real: Professional Education for Professional Humanists',2016-07-21T17:40:04+00:00,21,https://vimeo.com/videos/175726856
"Julie Meloni Digital Dialogue: 'Community, Cohesion, and Commitment: Developing and Deploying Open Source Tools...""",2016-07-21T17:37:19+00:00,2,https://vimeo.com/videos/175726549
Nancy Proctor Digital Dialogue: 'Mobile for Museums and Cultural Heritage',2016-07-21T17:30:46+00:00,20,https://vimeo.com/videos/175725755
"Beth Bonsignore et al. Digital Dialogue: 'It's Not a Game to Me: ARGs, Game Design, & Secret Agents in the Schoolroom'",2016-07-21T17:26:33+00:00,14,https://vimeo.com/videos/175725273
Beth Coleman Digital Dialogue: 'Everything is Animated: Pervasive Media and the Networked Subject',2016-07-21T17:23:36+00:00,16,https://vimeo.com/videos/175724859
Peter Kay Digital Dialogue: 'Thoughts on the Decline of the Book as Physical Object',2016-07-21T17:20:43+00:00,21,https://vimeo.com/videos/175724441
"Trevor Muñoz Digital Dialogue: 'Learning on the Job: Data Curation by Humanists, Librarians, and the Public'",2016-07-21T17:16:03+00:00,10,https://vimeo.com/videos/175723844
Rachel Frick Digital Dialogue: 'Networked Macrosolutions: Library Peer-Sourced Collaborative Services',2016-07-21T17:11:20+00:00,5,https://vimeo.com/videos/175723271
Trevor Owens Digital Dialogue: 'The Time and Place for Space and Time: Interfaces to Distributed Cultural Heritage Collections',2016-07-14T17:55:33+00:00,36,https://vimeo.com/videos/174699948
Jennifer Guiliano Digital Dialogue: 'Practical Strategies for Digital Humanities Development',2016-07-14T17:49:43+00:00,14,https://vimeo.com/videos/174699111
Fred Gibbs Digital Dialogue: 'Criticism in the Digital Humanities',2016-07-14T17:44:21+00:00,30,https://vimeo.com/videos/174698314
Lynn Cazabon Digital Dialogue: 'The Archive's Shadow',2016-07-14T17:34:51+00:00,11,https://vimeo.com/videos/174696775
"Lisa Snyder Digital Dialogue: 'A Conversation about Compulsion, the World's Columbian Exposition of 1893, and Virtual Reality'",2016-07-14T17:32:11+00:00,45,https://vimeo.com/videos/174696314
Jeremy Dibbell Digital Dialogue: 'Enhancing the Bibliosphere: Bringing Historical Libraries to Life at LibraryThing',2016-07-14T17:27:25+00:00,18,https://vimeo.com/videos/174695596
Jordan Boyd-Graber Digital Dialogue: 'Making Topics More Human(e)',2016-07-14T17:25:20+00:00,10,https://vimeo.com/videos/174695240
Jeffrey Schnapp Digital Dialogue: 'Building the Digital Library of America',2016-07-14T17:21:29+00:00,16,https://vimeo.com/videos/174694636
Robert K. Nelson Digital Dialogue: 'Hardtack and Software: Topic Modeling in Civil War Newspapers',2016-07-08T18:11:20+00:00,14,https://vimeo.com/videos/173944018
Aditi Muralidharan Digital Dialogue: 'Large Scale Text Analysis in the Digital Humanities: Methods and Challenges',2016-07-08T18:07:43+00:00,73,https://vimeo.com/videos/173943582
Adeline Koh Digital Dialogue: 'Digitizing Chinese Englishmen',2016-07-08T17:41:53+00:00,11,https://vimeo.com/videos/173940602
"Jen Golbeck Digital Dialogue: 'Art, Tagging, and Social Media'",2016-07-08T17:18:13+00:00,14,https://vimeo.com/videos/173937771
Ed Summers Digital Dialogue: 'Linking Things on the Web: A Pragmatic Examination of Linked Data',2016-07-08T17:07:09+00:00,27,https://vimeo.com/videos/173936418
Rita Raley Digital Dialogue: 'Disintegrated Reading',2016-07-08T16:58:19+00:00,35,https://vimeo.com/videos/173935236
Craig Saper Digital Dialogue: 'R\e\a\d/i/n/g as a Publishing Practice',2016-06-30T17:38:30+00:00,18,https://vimeo.com/videos/172941605
Beth Plale Digital Dialogue: 'Digital Humanities at Scale: the HathiTrust Research Center',2016-06-30T17:35:00+00:00,5,https://vimeo.com/videos/172941213
Leigh Wilson Smiley Digital Dialogue: 'Vocal Visions',2016-06-30T17:32:26+00:00,7,https://vimeo.com/videos/172940859
Michael Witmore Digital Dialogue: 'Shakespeare from the Waist Down',2016-06-30T17:28:07+00:00,22,https://vimeo.com/videos/172940360
Bill Lefurgy Digital Dialogue: 'Digital Preservation: A Role for Public Libraries',2016-06-30T17:24:41+00:00,52,https://vimeo.com/videos/172939783
Carla L. Peterson and Seth Denbo Digital Dialogue: 'From Print to Digital: The Black Gotham Digital Archive',2016-06-30T17:15:37+00:00,23,https://vimeo.com/videos/172938512
Ethan Watrall Digital Dialogue: 'Archaeology and the Big Tent of the Digital Humanities',2016-06-30T17:12:23+00:00,44,https://vimeo.com/videos/172938084
"Mark Matienzo Digital Dialogue: 'Contextual Futures: The Meaning, Structure, and Use of Archival Description'",2016-06-30T17:10:11+00:00,16,https://vimeo.com/videos/172937800
Hayim Lapin Digital Dialogue: 'A Digital Edition of a Classical Hebrew Text: The Digital Mishnah Project',2016-06-24T21:24:18+00:00,27,https://vimeo.com/videos/172166190
"Sheila Brennan Digital Dialogue: 'Getting to the Stuff: Digital Cultural Heritage Collections, Absence, and Memory'",2016-06-24T21:14:53+00:00,16,https://vimeo.com/videos/172165259
Lisa Rhody Digital Dialogue: 'Revising Ekphrasis: Telling the Sister Arts' Story Through Topic Modeling and Network Analysis',2016-06-24T20:57:51+00:00,29,https://vimeo.com/videos/172163396
"Amanda French Digital Dialogue: 'Sheesh, What's With All the THATCamps?'",2016-06-24T20:42:43+00:00,13,https://vimeo.com/videos/172161734
Julia Flanders Digital Dialogue: 'Small TEI Projects on a Large Scale: TAPAS',2016-06-24T20:32:17+00:00,17,https://vimeo.com/videos/172160537
"Donald Brinkman Digital Dialogue: 'Big Heritage, Big Quilts, and Big Canvases'",2016-06-23T20:07:45+00:00,16,https://vimeo.com/videos/172003187
Andy van Dam Digital Dialogue: 'Five Decades of Experiments with Hypermedia Systems for the Humanities',2016-05-11T17:20:29+00:00,104,https://vimeo.com/videos/166239947
Computer Science and the Humanities Then and Now: A Film Screening and Discussion with Andy van Dam,2016-05-03T21:19:05+00:00,153,https://vimeo.com/videos/165214812
Matthew Kirschenbaum: Book Launch event for 'Track Changes: A Literary History of Word Processing',2016-04-22T20:37:56+00:00,110,https://vimeo.com/videos/163874124
Using the Shelley-Godwin Archive Part 3 : Search Function,2016-04-21T21:52:49+00:00,56,https://vimeo.com/videos/163754403
Using the Shelley-Godwin Archive Part 2 : Page Viewer,2016-04-21T21:52:49+00:00,133,https://vimeo.com/videos/163754402
Harold Short Digital Dialogue: 'Cultural Memory & Digital Mediation',2016-04-21T21:46:35+00:00,29,https://vimeo.com/videos/163753744
Oliver Gaycken Vambery Fellowship Talk: 'A Cinema of Living Facts: The Encyclopaedia Cinematographica's Archive of Movement',2016-03-30T16:18:20+00:00,75,https://vimeo.com/videos/160910997
Henry Lovejoy Digital Dialogue: 'West Africa Historical GIS and the Liberated Africans Project',2016-03-21T18:04:16+00:00,118,https://vimeo.com/videos/159831363
Using the Shelley-Godwin Archive : Introduction,2016-03-09T17:12:14+00:00,608,https://vimeo.com/videos/158359989
"Maxim Romanov Digital Dialogue: 'Of graphs, maps, and 30,000 Muslims: Digital Humanities & The Premodern Islamic World'",2016-03-04T21:48:49+00:00,119,https://vimeo.com/videos/157785407
Kim Gallon Digital Dialogue: Black Digital Humanities Pedagogy and Praxis,2016-02-29T17:16:21+00:00,0,https://vimeo.com/videos/157164828
Thomas Haigh & Mark Priestley Digital Dialogue: 'Working on ENIAC: The Lost Labors of the Information Age',2016-02-22T16:32:27+00:00,257,https://vimeo.com/videos/156284034
Elissa Frankle Digital Dialogue: 'Making History w/ the Masses Revisited: History Unfolded & the Realities of Citizen History',2016-02-09T20:41:16+00:00,39,https://vimeo.com/videos/154774401
Trisha Campbell Digital Dialogue: 'Murder Networks: A New Materialist Look at Violence',2015-11-13T16:59:04+00:00,60,https://vimeo.com/videos/145652528
"Richard Freedman Digital Dialogue: 'Music, Technology, and Digital Scholarship'",2015-11-06T16:42:48+00:00,39,https://vimeo.com/videos/144893129
Matthew Lincoln Digital Dialogue: 'Experimental Models and Art Historical Computing',2015-10-30T16:24:34+00:00,116,https://vimeo.com/videos/144138534
"James English Digital Dialogue: 'What Counts as Contemporary Fiction? Scale, Value, and Field'",2015-10-26T16:07:47+00:00,156,https://vimeo.com/videos/143630655
Cheryl Ball Digital Dialogue: 'The Archipelago of Multimedia Publishing',2015-10-16T16:00:09+00:00,37,https://vimeo.com/videos/142652940
"Elizabeth Losh Digital Dialogue: A Woman's Touch: Manual Labor, Pink Collar Workers, and Feminist New Media Origin Stories",2015-10-12T21:28:18+00:00,77,https://vimeo.com/videos/142186343
Engaging the Public Workshop Part 4: Roundtable: 'Big Challenges and How They Might Be Met',2015-05-26T15:01:44+00:00,19,https://vimeo.com/videos/128885507
Engaging the Public Workshop Part 5: Roundtable: 'Best Practices',2015-05-26T15:01:44+00:00,47,https://vimeo.com/videos/128885506
Engaging the Public Workshop Part 3: Roundtable: 'A View From the Funders' Perspective',2015-05-15T17:11:39+00:00,14,https://vimeo.com/videos/127952179
Engaging the Public Workshop Part 2: Roundtable: 'Dispatches From the Field',2015-05-15T17:11:39+00:00,19,https://vimeo.com/videos/127952178
Engaging the Public Workshop Part 1: Welcome and Keynote,2015-05-15T17:11:39+00:00,49,https://vimeo.com/videos/127952177
Amanda Visconti Digital Dialogue: 'Do read the comments: Designing digital editions for a public humanities conversation',2015-05-11T15:58:58+00:00,40,https://vimeo.com/videos/127501043
Paul Jaskot Dialogue: Between Document & Digital Map: The Need for the Archive & GIS to Analyze the Nazi Built Environment,2015-05-04T17:12:51+00:00,36,https://vimeo.com/videos/126825421
Raffaele Viglianti Dialogue: 'Performing the Digital Edition: Textual Scholarship & the Digital Consumption of Music Scores',2015-03-30T19:18:37+00:00,121,https://vimeo.com/videos/123659410
Miriam Posner Digital Dialogue: Head-and-Shoulder Hunting in the Americas: Exploring Lobotomy's Visual Culture,2015-03-24T21:28:10+00:00,73,https://vimeo.com/videos/123139276
"Mauricio Giraldo Digital Dialogue: Kill Time, Make History: Building Inspector and other HCI Case Studies from NYPL Labs",2015-03-12T15:44:57+00:00,62,https://vimeo.com/videos/122009158
Shannon Mattern Digital Dialogue: Strata of Sentience: Deep Mapping the Media City,2015-02-27T19:23:11+00:00,350,https://vimeo.com/videos/120827621
"Darius Kazemi Digital Dialogue: Strange Bedfellows: Digital Humanities, Internet Art, and the Weird Internet",2014-12-19T22:33:46+00:00,154,https://vimeo.com/videos/115022143
Alex Wright Digital Dialogue: The Platonic Network,2014-12-03T17:40:59+00:00,60,https://vimeo.com/videos/113520682
Alexis Lothian Digital Dialogue: From Transformative Works to #transformDH: Digital Humanities as (Critical) Fandom,2014-11-24T15:19:42+00:00,109,https://vimeo.com/videos/112708755
Andrew Johnston Digital Dialogue: Models of Code and the Digital Architecture of Time,2014-11-18T16:59:05+00:00,87,https://vimeo.com/videos/112188369
"Marisa Parham Digital Dialogue: ""Without Innovation: African American Lifeworlds and the Internet of Things""",2014-11-13T15:18:05+00:00,256,https://vimeo.com/videos/111746354
"Stephanie Ceraso Digital Dialogue: ""Listening Bodies, Digital Production and the Pursuit of Invigorated Sonic Experiences",2014-11-06T18:01:30+00:00,130,https://vimeo.com/videos/111130136
The Shelley-Godwin Archive: A Visualization of the Git Repository,2014-10-20T20:30:17+00:00,312,https://vimeo.com/videos/109505574
"Alison Booth Digital Dialogue: ""Prosopography and Crowding Attention""",2014-10-09T03:32:58+00:00,141,https://vimeo.com/videos/108434123
"Caetlin Benson-Allott Digital Dialogue-""Spectacular Stunts and Digital Detachment Connecting Effects to Affects in US Car Movies",2014-04-29T18:37:59+00:00,83,https://vimeo.com/videos/93290210
"Margo Padilla, Lauren Work, Erica Titkemeyer, and Molly Schwartz Digital Dialogue: ""New Voices in the Digital Curation""",2014-04-16T17:17:32+00:00,148,https://vimeo.com/videos/92162319
"Lori Emerson Digital Dialogue: ""There Is No Internet""",2014-04-02T16:42:22+00:00,158,https://vimeo.com/videos/90772853
Kimberly Christen-Withey Digital Dialogue: 'On Not Looking: Ethics and Access in the Digital Humanities',2014-03-26T17:09:22+00:00,391,https://vimeo.com/videos/90140105
Porter Olsen Digital Dialogue: 'What Falls Out: Preserving Our Digital Heritage with BitCurator',2014-03-21T18:00:58+00:00,72,https://vimeo.com/videos/89731913
"""Reading, Rereading, Recovering Electronic Literature"" E-Lit Event Part II of II",2014-03-11T13:53:34+00:00,59,https://vimeo.com/videos/88760146
"""Reading, Rereading, Recovering Electronic Literature"" E-Lit Event Part I of II",2014-02-25T16:42:12+00:00,61,https://vimeo.com/videos/87583883
"Anne Balsamo Digital Dialogue: 'Heavy Data, Cultural Memories: Lessons from the AIDS Memorial Quilt Digital Experience Project'",2014-02-20T17:49:48+00:00,111,https://vimeo.com/videos/87201075
Rachel Donahue: It’s too dangerous to go alone! Take this.,2014-02-03T20:52:18+00:00,55,https://vimeo.com/videos/85763593
Ian Bogost: I Kickstarted Your Project And I Didn't Even Get The Lousy T-Shirt,2013-11-11T16:04:22+00:00,77,https://vimeo.com/videos/79109056
"Robin Pike: From the Stacks to the Future of Research: Building a Scalable, Sustainable Digitization Program at the University o",2013-11-07T17:31:50+00:00,55,https://vimeo.com/videos/78839020
Katie Shilton: Finding Values Levers: Building Ethics into Emerging Technologies,2013-11-07T16:23:44+00:00,160,https://vimeo.com/videos/78832558
Irene Eleta: Multilingual Users of Twitter: Social Ties Across Language Borders or How a Story Could Travel the World,2013-11-05T21:07:44+00:00,83,https://vimeo.com/videos/78669333
Elissa Frankle: Making History with the Masses: Citizen History and Radical Trust in Museums,2013-11-05T18:31:46+00:00,53,https://vimeo.com/videos/78655178
"Abigail McEwen: Archiving Modern Latin American Art: Sites, Students and Collaboration in the Greater Washington Area",2013-10-31T20:50:26+00:00,106,https://vimeo.com/videos/78297602
Chris Prom: Documenting Science in the Digital Age: What's the Same and What's Different,2013-10-30T21:13:21+00:00,81,https://vimeo.com/videos/78206073
Nicole Saylor: Archiving Folk Culture in the Digital Age,2013-10-29T20:56:02+00:00,101,https://vimeo.com/videos/78108558
"George Williams: Accessibility in Digital Environments: Language, Law, and the Question of Inclusion",2013-10-28T19:22:10+00:00,68,https://vimeo.com/videos/78005122
Tara McPherson: Scholarship In and Beyond the Database,2013-10-23T21:16:47+00:00,129,https://vimeo.com/videos/77638421
Allan Renear: An Eliminativist Ontology of the Digital World—and What It Means for Data Curation,2013-10-22T17:06:12+00:00,125,https://vimeo.com/videos/77519454
Unconference_Oct10th2013,2013-10-14T18:23:02+00:00,27,https://vimeo.com/videos/76891950
Janet Murray Digital Dialogue: 'Inventing the Medium as a Humanistic Practice: From Deconstruction to Meta-construction',2013-08-27T16:06:05+00:00,26,https://vimeo.com/videos/73233821
OAC Rollout - An Annotation Plugin for Fedora,2013-08-01T18:14:09+00:00,4,https://vimeo.com/videos/71523206
OAC Rollout - Video Annotation,2013-08-01T18:12:28+00:00,12,https://vimeo.com/videos/71523096
OAC Rollout - Annotator and LoreStore,2013-08-01T17:23:03+00:00,5,https://vimeo.com/videos/71519774
OAC Rollout - Domeo,2013-08-01T17:23:02+00:00,5,https://vimeo.com/videos/71519772
OAC Rollout - FilteredPush,2013-08-01T17:23:02+00:00,0,https://vimeo.com/videos/71519770
OAC Rollout - Shared Canvas,2013-08-01T17:23:01+00:00,3,https://vimeo.com/videos/71519768
OAC Rollout - Translating Flickr Notes and Tags into OA,2013-08-01T17:23:01+00:00,1,https://vimeo.com/videos/71519766
OAC Rollout - Open Annotation Tools and Services Registry,2013-08-01T17:21:07+00:00,3,https://vimeo.com/videos/71519650
OAC Rollout - Open Annotation Data Model (Core),2013-08-01T17:04:22+00:00,20,https://vimeo.com/videos/71518503
OAC Rollout - Open Annotation Data Model (Multiplicity and Publishing Modules),2013-08-01T17:04:22+00:00,4,https://vimeo.com/videos/71518502
OAC Rollout - Welcome and Agenda,2013-08-01T17:04:22+00:00,3,https://vimeo.com/videos/71518501
OAC Rollout - Open Annotation Data Model (Specifiers and Specific Resources),2013-08-01T17:04:22+00:00,5,https://vimeo.com/videos/71518500
"PDA 2013 Keynote, George ""The Fat Man"" Sanger",2013-04-24T17:58:31+00:00,8,https://vimeo.com/videos/64746228
"“Law and Society: Current Advances in the Digital Afterlife,” Evan Carroll",2013-04-24T17:56:41+00:00,9,https://vimeo.com/videos/64746081
"“Projections of Life- Prewar Jewish Life on Film,” Leslie Swift and Lindsay Zarwell",2013-04-24T17:51:47+00:00,49,https://vimeo.com/videos/64745662
DHWI 2013: Ignite Part 2,2013-02-07T15:17:55+00:00,6,https://vimeo.com/videos/59154988
DHWI 2013: Ignite Part 1,2013-02-01T16:04:16+00:00,25,https://vimeo.com/videos/58719513
DHWI  Keynote: Seb Chan,2013-01-28T18:48:37+00:00,20,https://vimeo.com/videos/58389771
Topic Modeling Workshop: Mimno,2012-11-08T14:21:03+00:00,4511,https://vimeo.com/videos/53080123
Topic Modeling Workshop: Guldi and Johnson-Roberson,2012-11-08T13:58:51+00:00,1540,https://vimeo.com/videos/53078693
Topic Modeling Workshop: Jockers and Nelson,2012-11-06T20:57:25+00:00,529,https://vimeo.com/videos/52959139
New Space Reception: Maryland Institute for Technology in the Humanities,2012-09-06T19:22:30+00:00,48,https://vimeo.com/videos/48973729
"Mano Marks Presentation #2, MITH API Workshop",2011-09-15T17:47:58+00:00,24,https://vimeo.com/videos/29107379
"Patrick Murray John Lightning Talk, MITH API Workshop",2011-08-30T19:53:12+00:00,37,https://vimeo.com/videos/28372542
"Patrick Murray John Lightning Talk, MITH API Workshop",2011-08-30T19:44:27+00:00,20,https://vimeo.com/videos/28372126
"DHSI Plenary Lecture: ""Digital Humanities Archive Fever""",2011-08-22T12:29:58+00:00,737,https://vimeo.com/videos/28006483
"Trevor Owens Lightning Talk, MITH API Workshop",2011-08-03T15:12:25+00:00,50,https://vimeo.com/videos/27247174
"Seth Denbo Lightning Talk, MITH API Workshop",2011-08-03T14:57:11+00:00,46,https://vimeo.com/videos/27246548
"Piotr Adamcyzk Lightning Talk, MITH API Workshop",2011-08-03T14:23:14+00:00,20,https://vimeo.com/videos/27245096
"Neil Mansilla Lightning Talk, MITH API Workshop",2011-08-03T14:19:35+00:00,51,https://vimeo.com/videos/27244924
"Natalie Binder Lightning Talk, MITH API Workshop",2011-08-02T16:48:14+00:00,91,https://vimeo.com/videos/27204637
"Michael Lascarides Lightning Talk, MITH API Workshop",2011-08-02T16:46:06+00:00,141,https://vimeo.com/videos/27204547
"Jason Clark Lightning Talk, MITH API Workshop",2011-08-02T16:23:45+00:00,10,https://vimeo.com/videos/27203688
"Ian Brown Lightning Talk, MITH API Workshop",2011-08-02T16:22:30+00:00,17,https://vimeo.com/videos/27203628
"Ed Summers Lightning Talk, MITH API Workshop",2011-08-02T16:21:24+00:00,23,https://vimeo.com/videos/27203597
"Dot Porter Lightning Talk, MITH API Workshop",2011-08-02T16:11:26+00:00,19,https://vimeo.com/videos/27203164
"Damon Baker Lightning Talk, MITH API Workshop",2011-08-02T16:10:04+00:00,29,https://vimeo.com/videos/27203112
"Chris Thatcher Lightning Talk, MITH API Workshop",2011-08-02T15:56:52+00:00,25,https://vimeo.com/videos/27202512
"Boris Capitanu Lightning Talk, MITH API Workshop",2011-08-02T15:52:46+00:00,68,https://vimeo.com/videos/27202318
"Kate Chapman Lightning Talk, MITH API Workshop",2011-08-02T15:30:12+00:00,26,https://vimeo.com/videos/27201345
"Jen Serventi Lightning Talk, MITH API Workshop",2011-08-02T15:27:28+00:00,1,https://vimeo.com/videos/27201215
"Jeff Mummert Lightning Talk, MITH API Workshop",2011-08-02T15:23:01+00:00,19,https://vimeo.com/videos/27201016
"George Oates Presentation, MITH API Workshop",2011-07-15T16:14:55+00:00,125,https://vimeo.com/videos/26479017
"Mano Marks Presentation, MITH API Workshop",2011-07-14T14:34:53+00:00,325,https://vimeo.com/videos/26428712
"Peter Keane Presentation, MITH API Workshop",2011-06-29T19:26:51+00:00,175,https://vimeo.com/videos/25782339
"Raymond Yee Presentation, MITH API Workshop",2011-06-29T19:17:48+00:00,215,https://vimeo.com/videos/25781867
NewUI Case Study: Maryland Maps,2011-06-22T03:33:56+00:00,35,https://vimeo.com/videos/25439221
NewUI Case Study: Breath of Spring,2011-06-22T03:27:31+00:00,119,https://vimeo.com/videos/25439034
NewUI Case Study: Haft Awrang,2011-06-22T03:17:02+00:00,64,https://vimeo.com/videos/25438734
CorporaCamp Woodchipper,2011-03-08T21:37:56+00:00,290,https://vimeo.com/videos/20806063
Zotero AXE Demonstration,2009-10-21T15:04:55+00:00,454,https://vimeo.com/videos/7184265
A Guide to Music Theatre Online,2009-10-02T14:29:06+00:00,389,https://vimeo.com/videos/6867241
Using the Shakespeare Quartos Archive,2009-08-13T19:57:51+00:00,1186,https://vimeo.com/videos/6089312
Advanced Features of the Shakespeare Quartos Archive,2009-08-13T19:51:55+00:00,1992,https://vimeo.com/videos/6089206
About the Shakespeare Quartos Archive,2009-08-13T18:39:43+00:00,1808,https://vimeo.com/videos/6088026
